{
    "MSE": 0.390031503769644,
    "R2": 0.40317060945304706
}